{
  "results": {
    "Structural Element Definition": {
      "TP": 88,
      "TN": 26,
      "FP": 75,
      "FN": 200
    },
    "Relationship Modeling": {
      "TP": 0,
      "TN": 60,
      "FP": 20,
      "FN": 79
    },
    "Attributes and Constraints": {
      "TP": 43,
      "TN": 85,
      "FP": 73,
      "FN": 171
    },
    "Interface and Connectivity Modeling": {
      "TP": 23,
      "TN": 1,
      "FP": 19,
      "FN": 186
    },
    "Requirements and Verification Modeling": {
      "TP": 20,
      "TN": 6,
      "FP": 19,
      "FN": 153
    }
  },
  "metrics": {
    "Structural Element Definition": {
      "Precision": 0.5398773006134969,
      "Recall": 0.3055555555555556,
      "Accuracy": 0.2930591259640103,
      "False_alarm": 0.7425742574257426,
      "F1": 0.39024390243902446
    },
    "Relationship Modeling": {
      "Precision": 0.0,
      "Recall": 0.0,
      "Accuracy": 0.37735849056603776,
      "False_alarm": 0.25,
      "F1": 0
    },
    "Attributes and Constraints": {
      "Precision": 0.3706896551724138,
      "Recall": 0.20093457943925233,
      "Accuracy": 0.34408602150537637,
      "False_alarm": 0.4620253164556962,
      "F1": 0.2606060606060606
    },
    "Interface and Connectivity Modeling": {
      "Precision": 0.5476190476190477,
      "Recall": 0.11004784688995216,
      "Accuracy": 0.10480349344978165,
      "False_alarm": 0.95,
      "F1": 0.18326693227091634
    },
    "Requirements and Verification Modeling": {
      "Precision": 0.5128205128205128,
      "Recall": 0.11560693641618497,
      "Accuracy": 0.13131313131313133,
      "False_alarm": 0.76,
      "F1": 0.18867924528301888
    },
    "Overall": {
      "Precision": 0.45789473684210524,
      "Recall": 0.1806853582554517,
      "Accuracy": 0.2613214550853749,
      "False_alarm": 0.5364583333333334,
      "F1": 0.2591213700670141
    }
  },
  "timestamp": "2025-03-26 02:04:56"
}