{
  "results": {
    "Structural Element Definition": {
      "TP": 73,
      "TN": 11,
      "FP": 93,
      "FN": 278
    },
    "Relationship Modeling": {
      "TP": 9,
      "TN": 82,
      "FP": 46,
      "FN": 96
    },
    "Attributes and Constraints": {
      "TP": 25,
      "TN": 32,
      "FP": 53,
      "FN": 133
    },
    "Interface and Connectivity Modeling": {
      "TP": 14,
      "TN": 3,
      "FP": 7,
      "FN": 79
    },
    "Requirements and Verification Modeling": {
      "TP": 20,
      "TN": 4,
      "FP": 7,
      "FN": 98
    }
  },
  "metrics": {
    "Structural Element Definition": {
      "Precision": 0.4397590361445783,
      "Recall": 0.20797720797720798,
      "Accuracy": 0.18461538461538463,
      "False_alarm": 0.8942307692307693,
      "F1": 0.2823984526112186
    },
    "Relationship Modeling": {
      "Precision": 0.16363636363636364,
      "Recall": 0.08571428571428572,
      "Accuracy": 0.3905579399141631,
      "False_alarm": 0.359375,
      "F1": 0.1125
    },
    "Attributes and Constraints": {
      "Precision": 0.32051282051282054,
      "Recall": 0.15822784810126583,
      "Accuracy": 0.2345679012345679,
      "False_alarm": 0.6235294117647059,
      "F1": 0.21186440677966104
    },
    "Interface and Connectivity Modeling": {
      "Precision": 0.6666666666666666,
      "Recall": 0.15053763440860216,
      "Accuracy": 0.1650485436893204,
      "False_alarm": 0.7,
      "F1": 0.2456140350877193
    },
    "Requirements and Verification Modeling": {
      "Precision": 0.7407407407407407,
      "Recall": 0.1694915254237288,
      "Accuracy": 0.18604651162790697,
      "False_alarm": 0.6363636363636364,
      "F1": 0.2758620689655172
    },
    "Overall": {
      "Precision": 0.40634005763688763,
      "Recall": 0.1709090909090909,
      "Accuracy": 0.234737747205503,
      "False_alarm": 0.6094674556213018,
      "F1": 0.24061433447098973
    }
  },
  "timestamp": "2025-03-26 19:27:02"
}