{
  "results": {
    "Structural Element Definition": {
      "TP": 179,
      "TN": 15,
      "FP": 233,
      "FN": 295
    },
    "Relationship Modeling": {
      "TP": 3,
      "TN": 0,
      "FP": 25,
      "FN": 38
    },
    "Attributes and Constraints": {
      "TP": 91,
      "TN": 114,
      "FP": 411,
      "FN": 195
    },
    "Interface and Connectivity Modeling": {
      "TP": 119,
      "TN": 0,
      "FP": 72,
      "FN": 185
    },
    "Requirements and Verification Modeling": {
      "TP": 39,
      "TN": 0,
      "FP": 35,
      "FN": 176
    }
  },
  "metrics": {
    "Structural Element Definition": {
      "Precision": 0.4344660194174757,
      "Recall": 0.37763713080168776,
      "Accuracy": 0.26869806094182824,
      "False_alarm": 0.9395161290322581,
      "F1": 0.40406320541760726
    },
    "Relationship Modeling": {
      "Precision": 0.10714285714285714,
      "Recall": 0.07317073170731707,
      "Accuracy": 0.045454545454545456,
      "False_alarm": 1.0,
      "F1": 0.08695652173913043
    },
    "Attributes and Constraints": {
      "Precision": 0.18127490039840638,
      "Recall": 0.3181818181818182,
      "Accuracy": 0.2527743526510481,
      "False_alarm": 0.7828571428571428,
      "F1": 0.23096446700507617
    },
    "Interface and Connectivity Modeling": {
      "Precision": 0.6230366492146597,
      "Recall": 0.39144736842105265,
      "Accuracy": 0.31648936170212766,
      "False_alarm": 1.0,
      "F1": 0.48080808080808085
    },
    "Requirements and Verification Modeling": {
      "Precision": 0.527027027027027,
      "Recall": 0.1813953488372093,
      "Accuracy": 0.156,
      "False_alarm": 1.0,
      "F1": 0.2698961937716263
    },
    "Overall": {
      "Precision": 0.35708367854183926,
      "Recall": 0.32651515151515154,
      "Accuracy": 0.251685393258427,
      "False_alarm": 0.8574585635359117,
      "F1": 0.3411159477641472
    }
  },
  "timestamp": "2025-03-25 13:08:04"
}