{
  "results": {
    "Structural Element Definition": {
      "TP": 267,
      "TN": 58,
      "FP": 39,
      "FN": 217
    },
    "Relationship Modeling": {
      "TP": 103,
      "TN": 202,
      "FP": 59,
      "FN": 56
    },
    "Attributes and Constraints": {
      "TP": 189,
      "TN": 51,
      "FP": 42,
      "FN": 56
    },
    "Interface and Connectivity Modeling": {
      "TP": 42,
      "TN": 19,
      "FP": 6,
      "FN": 74
    },
    "Requirements and Verification Modeling": {
      "TP": 90,
      "TN": 14,
      "FP": 4,
      "FN": 152
    }
  },
  "metrics": {
    "Structural Element Definition": {
      "Precision": 0.8725490196078431,
      "Recall": 0.5516528925619835,
      "Accuracy": 0.5593803786574871,
      "False_alarm": 0.4020618556701031,
      "F1": 0.6759493670886076
    },
    "Relationship Modeling": {
      "Precision": 0.6358024691358025,
      "Recall": 0.6477987421383647,
      "Accuracy": 0.7261904761904762,
      "False_alarm": 0.2260536398467433,
      "F1": 0.6417445482866043
    },
    "Attributes and Constraints": {
      "Precision": 0.8181818181818182,
      "Recall": 0.7714285714285715,
      "Accuracy": 0.7100591715976331,
      "False_alarm": 0.45161290322580644,
      "F1": 0.7941176470588236
    },
    "Interface and Connectivity Modeling": {
      "Precision": 0.875,
      "Recall": 0.3620689655172414,
      "Accuracy": 0.4326241134751773,
      "False_alarm": 0.24,
      "F1": 0.5121951219512195
    },
    "Requirements and Verification Modeling": {
      "Precision": 0.9574468085106383,
      "Recall": 0.371900826446281,
      "Accuracy": 0.4,
      "False_alarm": 0.2222222222222222,
      "F1": 0.5357142857142857
    },
    "Overall": {
      "Precision": 0.821640903686088,
      "Recall": 0.5545746388443018,
      "Accuracy": 0.5948275862068966,
      "False_alarm": 0.30364372469635625,
      "F1": 0.6621945376137998
    }
  },
  "timestamp": "2025-03-26 18:21:29"
}