{
  "results": {
    "Structural Element Definition": {
      "TP": 88,
      "TN": 38,
      "FP": 78,
      "FN": 249
    },
    "Relationship Modeling": {
      "TP": 15,
      "TN": 195,
      "FP": 74,
      "FN": 107
    },
    "Attributes and Constraints": {
      "TP": 53,
      "TN": 46,
      "FP": 96,
      "FN": 169
    },
    "Interface and Connectivity Modeling": {
      "TP": 13,
      "TN": 14,
      "FP": 11,
      "FN": 43
    },
    "Requirements and Verification Modeling": {
      "TP": 34,
      "TN": 5,
      "FP": 19,
      "FN": 150
    }
  },
  "metrics": {
    "Structural Element Definition": {
      "Precision": 0.5301204819277109,
      "Recall": 0.26112759643916916,
      "Accuracy": 0.2781456953642384,
      "False_alarm": 0.6724137931034483,
      "F1": 0.34990059642147125
    },
    "Relationship Modeling": {
      "Precision": 0.16853932584269662,
      "Recall": 0.12295081967213115,
      "Accuracy": 0.5370843989769821,
      "False_alarm": 0.275092936802974,
      "F1": 0.14218009478672985
    },
    "Attributes and Constraints": {
      "Precision": 0.35570469798657717,
      "Recall": 0.23873873873873874,
      "Accuracy": 0.27197802197802196,
      "False_alarm": 0.676056338028169,
      "F1": 0.2857142857142857
    },
    "Interface and Connectivity Modeling": {
      "Precision": 0.5416666666666666,
      "Recall": 0.23214285714285715,
      "Accuracy": 0.3333333333333333,
      "False_alarm": 0.44,
      "F1": 0.325
    },
    "Requirements and Verification Modeling": {
      "Precision": 0.6415094339622641,
      "Recall": 0.18478260869565216,
      "Accuracy": 0.1875,
      "False_alarm": 0.7916666666666666,
      "F1": 0.28691983122362863
    },
    "Overall": {
      "Precision": 0.42203742203742206,
      "Recall": 0.22041259500542887,
      "Accuracy": 0.3346693386773547,
      "False_alarm": 0.4826388888888889,
      "F1": 0.2895863052781741
    }
  },
  "timestamp": "2025-03-26 18:29:52"
}