{
  "results": {
    "Structural Element Definition": {
      "TP": 109,
      "TN": 37,
      "FP": 117,
      "FN": 161
    },
    "Relationship Modeling": {
      "TP": 0,
      "TN": 11,
      "FP": 7,
      "FN": 24
    },
    "Attributes and Constraints": {
      "TP": 47,
      "TN": 73,
      "FP": 78,
      "FN": 165
    },
    "Interface and Connectivity Modeling": {
      "TP": 49,
      "TN": 4,
      "FP": 26,
      "FN": 168
    },
    "Requirements and Verification Modeling": {
      "TP": 22,
      "TN": 2,
      "FP": 6,
      "FN": 113
    }
  },
  "metrics": {
    "Structural Element Definition": {
      "Precision": 0.4823008849557522,
      "Recall": 0.40370370370370373,
      "Accuracy": 0.3443396226415094,
      "False_alarm": 0.7597402597402597,
      "F1": 0.4395161290322581
    },
    "Relationship Modeling": {
      "Precision": 0.0,
      "Recall": 0.0,
      "Accuracy": 0.2619047619047619,
      "False_alarm": 0.3888888888888889,
      "F1": 0
    },
    "Attributes and Constraints": {
      "Precision": 0.376,
      "Recall": 0.22169811320754718,
      "Accuracy": 0.3305785123966942,
      "False_alarm": 0.5165562913907285,
      "F1": 0.2789317507418398
    },
    "Interface and Connectivity Modeling": {
      "Precision": 0.6533333333333333,
      "Recall": 0.22580645161290322,
      "Accuracy": 0.2145748987854251,
      "False_alarm": 0.8666666666666667,
      "F1": 0.3356164383561644
    },
    "Requirements and Verification Modeling": {
      "Precision": 0.7857142857142857,
      "Recall": 0.16296296296296298,
      "Accuracy": 0.16783216783216784,
      "False_alarm": 0.75,
      "F1": 0.26993865030674846
    },
    "Overall": {
      "Precision": 0.4924078091106291,
      "Recall": 0.26456876456876455,
      "Accuracy": 0.2904019688269073,
      "False_alarm": 0.6481994459833795,
      "F1": 0.3442001516300227
    }
  },
  "timestamp": "2025-03-26 02:06:02"
}